,Country,Year,Population,GDP/capita,CO2 emissions tonnes/person
0,Australia,1800,351014,815,
1,Bahrain,1800,64474,1235,
2,China,1800,321675013,985,
3,India,1800,168574895,1052,
4,Iran,1800,6269721,977,
5,Kuwait,1800,81280,1097,
6,Qatar,1800,14092,1097,
7,Russia,1800,31088398,1430,
8,Saudi Arabia,1800,2091000,846,
9,Singapore,1800,30000,1021,
10,United Arab Emirates,1800,40153,998,
11,United Kingdom,1800,12327466,3431,2.16208262103501
12,United States,1800,6801854,2128,0.037195741043545
13,Australia,1810,342440,834,
14,Bahrain,1810,64474,1289,
15,China,1810,350542958,985,
16,India,1810,171940819,1051,
17,Iran,1810,6413820,979,
18,Kuwait,1810,81280,1139,
19,Qatar,1810,14092,1139,
20,Russia,1810,31088398,1447,
21,Saudi Arabia,1810,2091000,852,
22,Singapore,1810,30000,1023,
23,United Arab Emirates,1810,40153,1036,
24,United Kingdom,1810,14106058,3575,2.38240813774517
25,United States,1810,8294928,2283,0.050732502080882
26,Australia,1820,334002,853,
27,Bahrain,1820,64474,1346,
28,China,1820,380055273,985,
29,India,1820,176225709,1050,
30,Iran,1820,6608508,980,
31,Kuwait,1820,81280,1182,
32,Qatar,1820,14092,1182,
33,Russia,1820,31861526,1464,
34,Saudi Arabia,1820,2103325,858,
35,Singapore,1820,31761,1024,
36,United Arab Emirates,1820,40153,1075,
37,United Kingdom,1820,16221883,3403,2.62930657143773
38,United States,1820,10361646,2242,0.079354662236699
39,Australia,1830,348143,1399,
40,Bahrain,1830,64474,1405,
41,China,1830,402373519,986,
42,India,1830,182214537,1052,
43,Iran,1830,6898130,999,
44,Kuwait,1830,81280,1228,
45,Qatar,1830,14092,1228,
46,Russia,1830,34134430,1562,0.000333906080991
47,Saudi Arabia,1830,2138414,868,
48,Singapore,1830,37232,1047,
49,United Arab Emirates,1830,40153,1116,
50,United Kingdom,1830,18533999,3661,3.65722387337779
51,United States,1830,13480460,2552,0.157851241292314
52,Australia,1840,434095,2269,
53,Bahrain,1840,64474,1467,
54,China,1840,411213424,986,
55,India,1840,189298397,1053,
56,Iran,1840,7250391,1018,
57,Kuwait,1840,81280,1274,
58,Qatar,1840,14092,1274,
59,Russia,1840,37420913,1666,
60,Saudi Arabia,1840,2186704,879,
61,Singapore,1840,45843,1071,
62,United Arab Emirates,1840,40153,1158,
63,United Kingdom,1840,20737251,4149,3.89430403559144
64,United States,1840,17942443,2792,0.336949371641876
65,Australia,1850,742619,3267,
66,Bahrain,1850,64474,1531,
67,China,1850,402711280,985,
68,India,1850,196657653,1055,
69,Iran,1850,7620641,1037,
70,Kuwait,1850,81280,1323,
71,Qatar,1850,14092,1323,
72,Russia,1850,41023821,1778,0.00172255288028
73,Saudi Arabia,1850,2236084,890,
74,Singapore,1850,56355,1095,
75,United Arab Emirates,1850,40153,1203,
76,United Kingdom,1850,22623571,4480,5.50516534946789
77,United States,1850,24136293,3059,0.840015700498765
78,Australia,1860,1256048,4795,0.210155857214681
79,Bahrain,1860,64469,1715,
80,China,1860,380047548,1023,
81,India,1860,204966302,1056,0.003482685118566
82,Iran,1860,7986219,1057,
83,Kuwait,1860,81014,1373,
84,Qatar,1860,14031,1373,
85,Russia,1860,44966686,1896,0.009376933982255
86,Saudi Arabia,1860,2284384,901,
87,Singapore,1860,69094,1120,
88,United Arab Emirates,1860,40222,1248,
89,United Kingdom,1860,24783522,5268,6.79186858351626
90,United States,1860,31936643,3714,1.49101670730825
91,Australia,1870,1724213,5431,0.338779342723005
92,Bahrain,1870,65422,1921,
93,China,1870,363661158,1099,
94,India,1870,213725049,1058,
95,Iran,1870,8397441,1077,
96,Kuwait,1870,81947,1426,
97,Qatar,1870,14177,1426,
98,Russia,1870,49288504,2023,0.04887000603113
99,Saudi Arabia,1870,2339375,912,
100,Singapore,1870,87515,1145,
101,United Arab Emirates,1870,40889,1296,
102,United Kingdom,1870,27651628,6046,8.30159131764366
103,United States,1870,40821569,4058,2.45254609582405
104,Australia,1880,2253007,7120,1.00470338340161
105,Bahrain,1880,68170,2152,
106,China,1880,365544192,1015,
107,India,1880,223020377,1084,0.00939800724932
108,Iran,1880,8879809,1153,
109,Kuwait,1880,85115,1648,
110,Qatar,1880,14709,1648,
111,Russia,1880,53996807,2158,0.161484573259061
112,Saudi Arabia,1880,2405921,935,
113,Singapore,1880,116144,1509,
114,United Arab Emirates,1880,42682,1498,
115,United Kingdom,1880,30849957,6553,9.6161856671128
116,United States,1880,51256498,5292,3.94047854981701
117,Australia,1890,3088808,7418,1.14236669885205
118,Bahrain,1890,72045,2410,
119,China,1890,377135349,918,
120,India,1890,232819584,1163,0.021028366427962
121,Iran,1890,9418782,1235,
122,Kuwait,1890,89663,1904,
123,Qatar,1890,15478,1904,
124,Russia,1890,59151534,2233,0.284794556226087
125,Saudi Arabia,1890,2480109,958,
126,Singapore,1890,157724,1990,
127,United Arab Emirates,1890,45189,1731,
128,United Kingdom,1890,34215580,7169,10.3516131327855
129,United States,1890,63810074,5646,6.3511263467189
130,Australia,1900,3743708,6688,2.71986099973269
131,Bahrain,1900,76158,2700,
132,China,1900,395184556,894,
133,India,1900,243073946,1194,0.054607817295662
134,Iran,1900,9993084,1322,
135,Kuwait,1900,94474,2201,
136,Qatar,1900,16290,2201,
137,Russia,1900,64836675,3087,0.720464036662224
138,Saudi Arabia,1900,2556758,982,
139,Singapore,1900,215875,2624,
140,United Arab Emirates,1900,47854,2001,
141,United Kingdom,1900,37995759,8013,11.0610743013708
142,United States,1900,77415610,6819,8.68190406374224
143,Australia,1910,4408209,8695,3.98849523809524
144,Bahrain,1910,80495,2717,
145,China,1910,417830774,991,0.044355397846284
146,India,1910,253761202,1391,0.103308373144916
147,Iran,1910,10600670,1416,0.0
148,Kuwait,1910,99530,2544,
149,Qatar,1910,17143,2544,
150,Russia,1910,71044207,3487,0.842429100663077
151,Saudi Arabia,1910,2635671,1007,
152,Singapore,1910,294092,3255,
153,United Arab Emirates,1910,50669,2313,
154,United Kingdom,1910,41804912,8305,11.2468864487094
155,United States,1910,93559186,8287,13.6918480350412
156,Australia,1920,5345428,7867,4.80608435983576
157,Bahrain,1920,87364,2733,
158,China,1920,462750597,1012,0.056755649958004
159,India,1920,267795301,1197,0.145690767655852
160,Iran,1920,11758739,1733,0.453690193299148
161,Kuwait,1920,108683,2353,
162,Qatar,1920,18514,2301,
163,Russia,1920,77871987,1489,0.247456263399838
164,Saudi Arabia,1920,2737469,1036,
165,Singapore,1920,395975,2385,
166,United Arab Emirates,1920,54703,2092,
167,United Kingdom,1920,43825720,8316,10.7588712505909
168,United States,1920,108441644,9181,16.2531507003116
169,Australia,1930,6473803,7714,3.40820322564023
170,Bahrain,1930,95901,2883,
171,China,1930,481222579,1055,0.077607361804484
172,India,1930,285470839,1244,0.167462521949981
173,Iran,1930,13315170,2317,1.36423384474615
174,Kuwait,1930,120719,1867,
175,Qatar,1930,20264,1741,
176,Russia,1930,85369549,3779,1.13623469229863
177,Saudi Arabia,1930,2853764,1034,
178,Singapore,1930,577478,3977,
179,United Arab Emirates,1930,59498,1839,
180,United Kingdom,1930,45957969,8722,9.62402069797526
181,United States,1930,125055606,10139,14.0980528511822
182,Australia,1940,7052012,10057,4.12695257029253
183,Bahrain,1940,105272,5557,28.1997721230536
184,China,1940,509858820,841,0.166090946531569
185,India,1940,324372335,1081,0.181864817949062
186,Iran,1940,15077617,3051,1.76530575950186
187,Kuwait,1940,134088,1538,
188,Qatar,1940,22179,1097,
189,Russia,1940,93588981,5632,3.2239830748081
190,Saudi Arabia,1940,2974999,969,0.717624460417879
191,Singapore,1940,748657,5284,
192,United Arab Emirates,1940,64713,1246,
193,United Kingdom,1940,48235963,10935,9.85961238059691
194,United States,1940,134354133,11320,14.1201374176637
195,Australia,1950,8177344,12073,6.69944503578016
196,Bahrain,1950,115614,16007,11.9566596316415
197,China,1950,544112923,535,0.142899568026616
198,India,1950,376325205,908,0.179173954581007
199,Iran,1950,17119263,3968,0.0
200,Kuwait,1950,152250,4462,2.52871902319197
201,Qatar,1950,24999,1628,14.0811264901192
202,Russia,1950,102798657,7514,4.1068275619208
203,Saudi Arabia,1950,3121336,2128,1.64811852527726
204,Singapore,1950,1022098,5027,
205,United Arab Emirates,1950,69590,1225,
206,United Kingdom,1950,50616012,11135,9.89418789716846
207,United States,1950,157813040,15319,16.0809778456837
208,Australia,1951,8417640,12229,7.0342384906583
209,Bahrain,1951,116919,16689,10.071880883108
210,China,1951,558820362,582,0.179800255082828
211,India,1951,382231042,908,0.184486467310935
212,Iran,1951,17516578,3881,0.389308493812195
213,Kuwait,1951,163632,5745,0.715372999953257
214,Qatar,1951,27475,1973,14.1534054355874
215,Russia,1951,104306354,7424,4.38495397994581
216,Saudi Arabia,1951,3198551,2465,0.0
217,Singapore,1951,1067964,4753,
218,United Arab Emirates,1951,67972,1233,
219,United Kingdom,1951,50620538,11416,10.7686434089381
220,United States,1951,159880756,16198,16.3366544212784
221,Australia,1952,8627052,12084,7.00208185182349
222,Bahrain,1952,119689,17391,10.7638395209381
223,China,1952,570764965,631,0.221810340509565
224,India,1952,388515758,912,0.191116549077601
225,Iran,1952,17933356,3796,0.225612263612075
226,Kuwait,1952,173622,7395,0.0
227,Qatar,1952,29843,2486,6.51709759996423
228,Russia,1952,105969442,7775,4.6202361014884
229,Saudi Arabia,1952,3283299,2854,0.0
230,Singapore,1952,1120277,3312,
231,United Arab Emirates,1952,69813,1240,
232,United Kingdom,1952,50683596,11367,10.4287830945104
233,United States,1952,162280405,16508,15.6705199711762
234,Australia,1953,8821938,12228,6.75608859296116
235,Bahrain,1953,123593,18107,8.08198678573551
236,China,1953,580886559,692,0.227836496428555
237,India,1953,395137696,947,0.191287483135502
238,Iran,1953,18368896,3717,0.206476348462095
239,Kuwait,1953,181957,9521,0.0
240,Qatar,1953,32029,3132,11.4601239777048
241,Russia,1953,107729541,7981,4.80668322092003
242,Saudi Arabia,1953,3372617,3305,0.141888093951747
243,Singapore,1953,1178074,3963,
244,United Arab Emirates,1953,73184,1247,
245,United Kingdom,1953,50792671,11751,10.6331376355294
246,United States,1953,164941716,16974,15.7790223927935
247,Australia,1954,9014508,12694,7.54008065921021
248,Bahrain,1954,128333,18839,8.15947279655194
249,China,1954,589955812,694,0.269519014599855
250,India,1954,402065915,962,0.197530821612159
251,Iran,1954,18822605,3635,0.055046250439053
252,Kuwait,1954,188811,10545,7.39683409180291
253,Qatar,1954,34016,3945,17.9198806649787
254,Russia,1954,109537868,8234,5.16203732945667
255,Saudi Arabia,1954,3464554,3827,0.359599264436706
256,Singapore,1954,1240283,4553,
257,United Arab Emirates,1954,76708,1255,
258,United Kingdom,1954,50938227,12173,10.8471705866634
259,United States,1954,167800046,16558,14.7774274308786
260,Australia,1955,9212824,13082,7.68085718251777
261,Bahrain,1955,133653,19556,10.533474346377
262,China,1955,598574241,706,0.314007768250906
263,India,1955,409280196,963,0.210404689697414
264,Iran,1955,19293998,3554,0.814344288010158
265,Kuwait,1955,194795,11679,9.42919683448392
266,Qatar,1955,35835,4970,11.6867503564738
267,Russia,1955,111355224,8787,5.75731150126936
268,Saudi Arabia,1955,3558164,4432,0.5984889074461
269,Singapore,1955,1305731,4198,
270,United Arab Emirates,1955,79566,1262,
271,United Kingdom,1955,51113711,12531,11.2741814360872
272,United States,1955,170796378,17409,15.9139129879755
273,Australia,1956,9420602,13217,7.75946555607869
274,Bahrain,1956,139332,20266,7.60100482980515
275,China,1956,607167524,736,0.350204597542691
276,India,1956,416771502,993,0.21375583247948
277,Iran,1956,19782699,3783,1.14672106353016
278,Kuwait,1956,200988,12935,5.14703822878618
279,Qatar,1956,37581,6261,13.4969325153374
280,Russia,1956,113152347,9465,6.2121805728395
281,Saudi Arabia,1956,3653563,5132,0.450059321404325
282,Singapore,1956,1373121,4629,
283,United Arab Emirates,1956,81515,1270,
284,United Kingdom,1956,51315724,12572,11.1745911641073
285,United States,1956,173877321,17428,16.3879777617532
286,Australia,1957,9637408,13191,7.7399669977272
287,Bahrain,1957,145185,20938,5.21952646502618
288,China,1957,615992182,780,0.40822626647308
289,India,1957,424541513,959,0.235246421692709
290,Iran,1957,20288440,4211,1.06957284561596
291,Kuwait,1957,208907,14325,10.4579637393875
292,Qatar,1957,39402,7888,7.93428544758704
293,Russia,1957,114909562,9496,6.69462239901532
294,Saudi Arabia,1957,3751876,5942,0.564940152912978
295,Singapore,1957,1441052,4116,1.20098697442652
296,United Arab Emirates,1957,82870,1278,
297,United Kingdom,1957,51543847,12702,11.051479508949
298,United States,1957,176995108,17430,15.9663041026783
299,Australia,1958,9859257,13545,7.88197121529981
300,Bahrain,1958,151067,21541,8.57437696256239
301,China,1958,625155626,889,0.823141354828901
302,India,1958,432601236,1005,0.241146539285996
303,Iran,1958,20811062,4591,1.20740875807634
304,Kuwait,1958,220405,15866,16.6333309307578
305,Qatar,1958,41487,9937,4.08038191084446
306,Russia,1958,116615781,10037,7.04170299953175
307,Saudi Arabia,1958,3855089,6881,0.880722019176812
308,Singapore,1958,1508061,4134,1.52449334965472
309,United Arab Emirates,1958,84420,1433,
310,United Kingdom,1958,51800117,12672,10.7150823660417
311,United States,1958,180107612,16961,15.2085906638845
312,Australia,1959,10079604,14076,8.31744725693575
313,Bahrain,1959,156865,22078,8.4006365540751
314,China,1959,634649557,958,1.1123471802951
315,India,1959,440968677,1002,0.250146494959613
316,Iran,1959,21350524,4863,1.19324094882621
317,Kuwait,1959,237516,17572,15.8962417310139
318,Qatar,1959,44059,12518,4.17891849589326
319,Russia,1959,118266807,9755,7.30016203887603
320,Saudi Arabia,1959,3965811,7968,0.472777696376659
321,Singapore,1959,1572694,4656,1.1447608486279
322,United Arab Emirates,1959,87303,1606,0.129544357165569
323,United Kingdom,1959,52088147,13122,10.4731727425653
324,United States,1959,183178348,17909,15.409502245779
325,Australia,1960,10292328,14346,8.57405752544708
326,Bahrain,1960,162501,22540,3.55734074875122
327,China,1960,644450173,889,1.18591949054768
328,India,1960,449661874,1048,0.269225348990205
329,Iran,1960,21906905,5203,1.69956929607539
330,Kuwait,1960,261962,19461,29.5871600219426
331,Qatar,1960,47309,15769,3.73792078156525
332,Russia,1960,119860289,10496,7.49865437389572
333,Saudi Arabia,1960,4086539,9226,0.662308134776984
334,Singapore,1960,1633718,4990,0.852872896229853
335,United Arab Emirates,1960,92612,1801,0.122397658866598
336,United Kingdom,1960,52410496,13697,11.1191136621156
337,United States,1960,186176524,18059,15.5127572002326
338,Australia,1961,10494911,14126,8.63211185380148
339,Bahrain,1961,167924,22941,10.5934357784171
340,China,1961,654625069,558,0.82750652785374
341,India,1961,458691457,1051,0.285349370760034
342,Iran,1961,22480420,5505,1.61875562047413
343,Kuwait,1961,294639,21554,33.6681936657649
344,Qatar,1961,51355,19865,3.15764064222757
345,Russia,1961,121390327,10908,7.63359178941062
346,Saudi Arabia,1961,4218879,10684,0.856304250318976
347,Singapore,1961,1690353,5520,1.23861488897526
348,United Arab Emirates,1961,100985,2019,0.112318248652181
349,United Kingdom,1961,52765864,13887,11.1330300915376
350,United States,1961,189077076,18170,15.2238645955329
351,Australia,1962,10691220,14742,8.87195846255824
352,Bahrain,1962,173107,23418,9.2361506107777
353,China,1962,665426760,567,0.651705172948348
354,India,1962,468054145,1046,0.30762014639109
355,Iran,1962,23071426,5472,1.61711231079271
356,Kuwait,1962,335161,23871,42.401725862115
357,Qatar,1962,56187,25024,3.41189031846298
358,Russia,1962,122842753,11027,7.9139762362913
359,Saudi Arabia,1962,4362863,12371,1.45068363640299
360,Singapore,1962,1742472,5372,1.47933635130958
361,United Arab Emirates,1962,112240,2264,0.168308438985131
362,United Kingdom,1962,53146634,13897,11.1388081315532
363,United States,1962,191860710,18966,15.5606900154683
364,Australia,1963,10892700,15357,9.26477641517189
365,Bahrain,1963,178048,24022,6.74681567609264
366,China,1963,677332765,635,0.637538142642703
367,India,1963,477729958,1071,0.323658671474906
368,Iran,1963,23680433,5921,1.73864803270701
369,Kuwait,1963,381665,26437,44.3889940534236
370,Qatar,1963,61647,31524,100.137039937353
371,Russia,1963,124193114,10620,8.3912770915294
372,Saudi Arabia,1963,4516663,14325,1.55584814521827
373,Singapore,1963,1790682,5722,1.89818067284613
374,United Arab Emirates,1963,125216,2954,0.180805075691579
375,United Kingdom,1963,53537821,14393,11.255832514626
376,United States,1963,194513911,19497,16.0280736699157
377,Australia,1964,11114995,16098,9.79716882502633
378,Bahrain,1964,182774,24751,8.79195012273166
379,China,1964,690932043,713,0.627551170693154
380,India,1964,487690114,1125,0.309921667511482
381,Iran,1964,24308080,6188,1.94833089822698
382,Kuwait,1964,431366,29279,58.466885766511
383,Qatar,1964,67487,39711,93.5223557238405
384,Russia,1964,125412397,11836,8.8340615172332
385,Saudi Arabia,1964,4677409,16587,1.52458503336607
386,Singapore,1964,1836087,5613,2.01698698816459
387,United Arab Emirates,1964,138220,5021,0.136329610295612
388,United Kingdom,1964,53920055,15067,11.263512210486
389,United States,1964,197028908,20338,16.5184662067148
390,Australia,1965,11368011,16601,10.64775735198
391,Bahrain,1965,187348,25662,6.59150384668359
392,China,1965,706590947,772,0.670049506978439
393,India,1965,497920270,1053,0.334320854732944
394,Iran,1965,24955116,6768,2.14496883636192
395,Kuwait,1965,482173,32427,73.1432623234649
396,Qatar,1965,73543,50024,86.105675146771
397,Russia,1965,126483874,12363,9.28962107851609
398,Saudi Arabia,1965,4843635,19207,0.88161776476856
399,Singapore,1965,1879571,6141,1.34605899994733
400,United Arab Emirates,1965,150318,8534,0.150286569162562
401,United Kingdom,1965,54278349,15292,11.4547284316634
402,United States,1965,199403532,21361,16.9996074119726
403,Australia,1966,11657281,16756,10.3568614691413
404,Bahrain,1966,191782,26651,3.40264452064131
405,China,1966,724490033,826,0.718445903196521
406,India,1966,508402908,1037,0.338680958235232
407,Iran,1966,25624650,7252,2.49213867352579
408,Kuwait,1966,533521,35912,65.6128390747523
409,Qatar,1966,79735,63016,79.2702690188452
410,Russia,1966,127396324,12823,9.73923836528704
411,Saudi Arabia,1966,5015672,22240,1.29355981488762
412,Singapore,1966,1921099,6659,0.351188601639516
413,United Arab Emirates,1966,161077,14505,0.163550707091304
414,United Kingdom,1966,54606608,15494,11.3143070553094
415,United States,1966,201629471,22495,17.6614342327373
416,Australia,1967,11975795,17570,10.8688105491547
417,Bahrain,1967,196203,27726,5.14920566583466
418,China,1967,744365635,719,0.57938607411048
419,India,1967,519162069,1096,0.332354028487417
420,Iran,1967,26318116,7862,2.56864186464283
421,Kuwait,1967,585831,39772,43.2515940658981
422,Qatar,1967,86161,79381,78.1947854553958
423,Russia,1967,128165823,13256,10.1230206465303
424,Saudi Arabia,1967,5196349,25752,4.96498438855149
425,Singapore,1967,1960547,7331,1.55976559650833
426,United Arab Emirates,1967,171781,24652,5.47525186158563
427,United Kingdom,1967,54904680,15777,10.7810749408482
428,United States,1967,203713082,22803,18.1396638856828
429,Australia,1968,12305530,18261,11.0556401773383
430,Bahrain,1968,200953,28802,5.52335959056074
431,China,1968,765570668,669,0.609206710107247
432,India,1968,530274729,1095,0.353660132207027
433,Iran,1968,27032944,8816,3.03224653217286
434,Kuwait,1968,639170,44047,34.9699389428606
435,Qatar,1968,93043,99995,76.6942160696426
436,Russia,1968,128837792,13902,10.3540980239846
437,Saudi Arabia,1968,5389848,29819,5.46091253977061
438,Singapore,1968,1998637,8209,2.71149692709245
439,United Arab Emirates,1968,185312,29634,6.87279523161818
440,United Kingdom,1968,55171084,16357,10.9922629403109
441,United States,1968,205687611,23647,18.6267327197044
442,Australia,1969,12621240,18949,11.4185801164977
443,Bahrain,1969,206469,29943,6.19770634530171
444,China,1969,787191243,732,0.72848452912664
445,India,1969,541844848,1141,0.35215380840115
446,Iran,1969,27765239,9709,2.97745131691072
447,Kuwait,1969,693876,48781,38.5136590057564
448,Qatar,1969,100697,125963,71.8112002242848
449,Russia,1969,129475269,13972,10.730657151493
450,Saudi Arabia,1969,5601649,34527,6.37243017252444
451,Singapore,1969,2036270,9207,3.53829585260653
452,United Arab Emirates,1969,205570,35623,101.94494671515
453,United Kingdom,1969,55406435,16616,11.3413705514784
454,United States,1969,207599308,24147,19.387715121191
455,Australia,1970,12904760,19719,11.5965694040862
456,Bahrain,1970,213102,31232,12.2350283339154
457,China,1970,808510713,848,0.947122148306639
458,India,1970,553943226,1170,0.352291988412592
459,Iran,1970,28514011,10467,3.21021903638699
460,Kuwait,1970,750184,54023,33.246939709466
461,Qatar,1970,109329,158673,69.8148541065119
462,Russia,1970,130126383,14915,11.2296800308532
463,Saudi Arabia,1970,5836394,39979,7.84618993646054
464,Singapore,1970,2074071,10336,8.77907306578262
465,United Arab Emirates,1970,235434,42822,65.7852723146095
466,United Kingdom,1970,55611401,16933,11.7350961148803
467,United States,1970,209485807,23908,20.6647146513791
468,Australia,1971,13150591,20176,11.7618160012715
469,Bahrain,1971,220808,31102,13.8461211425517
470,China,1971,829367784,876,1.04796786131253
471,India,1971,566605402,1154,0.363275029247357
472,Iran,1971,29281130,11475,3.46262809103377
473,Kuwait,1971,807900,63583,33.4534453831237
474,Qatar,1971,119246,160147,77.4215379409526
475,Russia,1971,130808492,15170,11.8549751476953
476,Saudi Arabia,1971,6096106,47016,9.91979403364834
477,Singapore,1971,2112873,11389,7.85252678614812
478,United Arab Emirates,1971,275160,41464,77.7250616753936
479,United Kingdom,1971,55785325,17207,11.8382108732291
480,United States,1971,211357912,24350,20.6115922303996
481,Australia,1972,13364238,20385,11.8964706854087
482,Bahrain,1972,229588,33824,16.1281607558798
483,China,1972,849787991,843,1.0859018671528
484,India,1972,579800632,1125,0.375651318198592
485,Iran,1972,30073845,13019,3.52294066829639
486,Kuwait,1972,866747,62371,31.7446458482203
487,Qatar,1972,130377,162805,83.4474735671854
488,Russia,1972,131517584,15113,12.4049836236136
489,Saudi Arabia,1972,6382106,52961,11.144883485309
490,Singapore,1972,2152603,12711,10.330706486225
491,United Arab Emirates,1972,324069,39798,72.6364954098889
492,United Kingdom,1972,55927492,17793,11.5863756038919
493,United States,1972,213219515,25374,21.4045978287745
494,Australia,1973,13552190,21185,12.6910960306459
495,Bahrain,1973,239860,35688,23.1561467366691
496,China,1973,869474823,894,1.10264038337005
497,India,1973,593451889,1151,0.377949339412629
498,Iran,1973,30903565,13782,4.18909888028491
499,Kuwait,1973,926817,59388,26.0440393205149
500,Qatar,1973,142111,165564,88.512749149189
501,Russia,1973,132254362,16236,12.8554268262215
502,Saudi Arabia,1973,6697486,56842,14.3642077428528
503,Singapore,1973,2191924,13889,9.68033321623927
504,United Arab Emirates,1973,382823,60948,79.9360741080998
505,United Kingdom,1973,56039166,19043,11.768138564403
506,United States,1973,215092900,26567,22.1679634040447
507,Australia,1974,13725400,21383,12.5885375407938
508,Bahrain,1974,252139,36456,21.5597653876277
509,China,1974,888132761,888,1.10077728642981
510,India,1974,607446519,1139,0.381779392294007
511,Iran,1974,31784896,14316,4.52652168332643
512,Kuwait,1974,988267,115159,19.4851217631076
513,Qatar,1974,153593,162379,68.8960427479579
514,Russia,1974,133012558,16594,13.2673623266768
515,Saudi Arabia,1974,7045477,89417,14.1800234218731
516,Singapore,1974,2228896,14499,9.85533514734549
517,United Arab Emirates,1974,451948,149185,69.0678308674913
518,United Kingdom,1974,56122405,18801,10.9941857577324
519,United States,1974,217001865,26258,21.1781759719136
520,Australia,1975,13892674,21708,12.6617601997913
521,Bahrain,1975,266686,33509,21.6963342887313
522,China,1975,905580445,920,1.25186018131511
523,India,1975,621703641,1212,0.405368928572038
524,Iran,1975,32730555,14690,4.25802041174851
525,Kuwait,1975,1051187,91796,15.9680051523776
526,Qatar,1975,164333,160783,67.28283231492
527,Russia,1975,133788113,16530,13.8638078679403
528,Saudi Arabia,1975,7428705,68111,11.3455103800441
529,Singapore,1975,2262393,14743,10.8471193099144
530,United Arab Emirates,1975,531265,167748,58.2277832546784
531,United Kingdom,1975,56179925,18699,10.7334646293555
532,United States,1975,218963561,25934,20.1084478940781
533,Australia,1976,14054956,22372,12.3847792371819
534,Bahrain,1976,283843,41062,23.2930019427566
535,China,1976,921688199,891,1.28508386472117
536,India,1976,636182810,1201,0.41407336336868
537,Iran,1976,33739231,16697,4.64344266609078
538,Kuwait,1976,1115463,92442,16.5513377290638
539,Qatar,1976,173759,164858,60.3191384307962
540,Russia,1976,134583945,17192,14.3100144795731
541,Saudi Arabia,1976,7845300,80328,13.0918072962706
542,Singapore,1976,2291621,15590,13.1055580622142
543,United Arab Emirates,1976,622051,165063,63.4982409498337
544,United Kingdom,1976,56212943,19207,10.6420112133861
545,United States,1976,220993166,27041,20.8566313659582
546,Australia,1977,14211657,22373,13.1973048737674
547,Bahrain,1977,303236,40589,24.767955856068
548,China,1977,936554514,904,1.38684742821033
549,India,1977,650907559,1266,0.48392204215851
550,Iran,1977,34814231,16033,4.71179545833752
551,Kuwait,1977,1180939,87987,14.6053342154892
552,Qatar,1977,182370,145688,54.9423582204115
553,Russia,1977,135406786,17487,14.7047728890701
554,Saudi Arabia,1977,8295384,77548,14.4095281077398
555,Singapore,1977,2317796,16589,12.2124722821317
556,United Arab Emirates,1977,722849,167326,53.5161992445443
557,United Kingdom,1977,56224944,19684,10.7423208932343
558,United States,1977,223090871,27990,21.2377774823969
559,Australia,1978,14368543,22763,14.047481037616
560,Bahrain,1978,323511,36597,24.1366771198846
561,China,1978,950537317,1016,1.52679609405907
562,India,1978,665936435,1305,0.476116230487184
563,Iran,1978,35977589,13827,4.51607839115316
564,Kuwait,1978,1247597,81146,16.8955451567016
565,Qatar,1978,192018,150718,55.3686099660694
566,Russia,1978,136259517,17818,15.1124734641626
567,Saudi Arabia,1978,8785326,71169,13.2558387589016
568,Singapore,1978,2344224,17799,14.1456669261641
569,United Arab Emirates,1978,827394,143058,54.0940649478056
570,United Kingdom,1978,56223974,20337,10.7474729445634
571,United States,1978,225239456,29281,21.6853899994903
572,Australia,1979,14532401,23697,14.1056112680343
573,Bahrain,1979,342829,40292,23.8508612430837
574,China,1979,964155176,1059,1.54066792700769
575,India,1979,681358553,1211,0.485350271252613
576,Iran,1979,37256771,12312,4.4075064578159
577,Kuwait,1979,1315428,109863,13.4987063676056
578,Qatar,1979,205244,148451,70.6331832976691
579,Russia,1979,137144808,17632,15.1373384980853
580,Saudi Arabia,1979,9323290,69720,14.9856839107453
581,Singapore,1979,2375417,19252,15.2055907112603
582,United Arab Emirates,1979,927303,159226,39.4693332988287
583,United Kingdom,1979,56220089,20871,11.4542776792299
584,United States,1979,227411604,29951,21.5263900374192
585,Australia,1980,14708323,23872,15.0052501992193
586,Bahrain,1980,359902,44996,22.0333727235394
587,China,1980,977837433,1073,1.49217129385463
588,India,1980,697229745,1270,0.497886422144562
589,Iran,1980,38668222,10366,3.13671634444018
590,Kuwait,1980,1384342,108146,17.9184190134375
591,Qatar,1980,223715,134862,59.1050900896835
592,Russia,1980,138063062,17557,15.6271140928307
593,Saudi Arabia,1980,9912917,72465,17.2819907207844
594,Singapore,1980,2414524,20882,13.0171242857058
595,United Arab Emirates,1980,1016789,182668,36.312061204113
596,United Kingdom,1980,56221513,20417,10.2878689738281
597,United States,1980,229588208,29619,20.5405920329107
598,Australia,1981,14898019,24308,15.4573901746187
599,Bahrain,1981,374125,42034,22.9121088815666
600,China,1981,991553829,1099,1.45622210905086
601,India,1981,713561406,1322,0.523086995481153
602,Iran,1981,40209077,9691,2.82357715415077
603,Kuwait,1981,1452383,85525,17.4393148227951
604,Qatar,1981,248053,122762,52.3276633840645
605,Russia,1981,139006739,17619,15.2260031424191
606,Saudi Arabia,1981,10556936,67447,16.8066424719617
607,Singapore,1981,2463245,21889,10.899066782123
608,United Arab Emirates,1981,1093108,181228,33.7440511234842
609,United Kingdom,1981,56231020,20149,9.95727192174288
610,United States,1981,231765783,30070,19.5288583784839
611,Australia,1982,15101227,23884,15.493290307434
612,Bahrain,1982,385950,38841,25.6332755753004
613,China,1982,1005328574,1175,1.56358243627084
614,India,1982,730303461,1334,0.54338453534214
615,Iran,1982,41862373,10715,3.32586631990588
616,Kuwait,1982,1518855,67708,13.981165727551
617,Qatar,1982,277242,102308,44.9657833430402
618,Russia,1982,139969243,17951,15.405880746143
619,Saudi Arabia,1982,11247085,55569,14.2071935316394
620,Singapore,1982,2520494,22467,11.8023206835594
621,United Arab Emirates,1982,1158477,158177,31.8562054004484
622,United Kingdom,1982,56250124,20607,9.73479351952567
623,United States,1982,233953874,29230,18.3564637636473
624,Australia,1983,15318254,23584,14.6733242938826
625,Bahrain,1983,396447,38395,20.8745598278889
626,China,1983,1019698475,1229,1.62607858898599
627,India,1983,747374856,1412,0.576349783498636
628,Iran,1983,43610506,11655,3.47551189707566
629,Kuwait,1983,1586205,65168,13.638534546059
630,Qatar,1983,309276,90054,36.7573339596749
631,Russia,1983,140951400,18417,15.5168634149143
632,Saudi Arabia,1983,11962244,49634,13.6047622933817
633,Singapore,1983,2583241,24095,13.5469221411993
634,United Arab Emirates,1983,1218223,144955,29.037570702012
635,United Kingdom,1983,56283959,21357,9.67893190116772
636,United States,1983,236161961,30185,18.3270011389069
637,Australia,1984,15548591,24934,15.1962000678275
638,Bahrain,1984,407223,41099,22.7429359062715
639,China,1984,1035328572,1456,1.74427805978936
640,India,1984,764664278,1436,0.582768945376591
641,Iran,1984,45429019,11274,3.36674537714105
642,Kuwait,1984,1657920,63619,17.0879516647279
643,Qatar,1984,341286,85422,36.4428945074106
644,Russia,1984,141955200,18527,15.5449822126464
645,Saudi Arabia,1984,12674089,44693,12.414297299649
646,Singapore,1984,2646981,25649,12.6181276954674
647,United Arab Emirates,1984,1280278,139882,36.2707615004313
648,United Kingdom,1984,56337848,21904,9.37840835021683
649,United States,1984,238404223,32110,18.7187054019003
650,Australia,1985,15791043,25875,15.2546583348132
651,Bahrain,1985,419425,32131,24.448607156934
652,China,1985,1052622410,1557,1.8610764253277
653,India,1985,782085127,1462,0.625144750202067
654,Iran,1985,47290793,11047,3.46075058728402
655,Kuwait,1985,1735320,58143,16.7370517554751
656,Qatar,1985,371071,76910,33.7068779675694
657,Russia,1985,142975753,18576,16.6443475673727
658,Saudi Arabia,1985,13361284,36344,13.0583518696007
659,Singapore,1985,2708634,25245,12.3362122710134
660,United Arab Emirates,1985,1350433,129469,37.0064245119842
661,United Kingdom,1985,56415196,22648,9.90508303579995
662,United States,1985,240691557,33065,18.6050830817256
663,Australia,1986,16047026,26057,14.934370257211
664,Bahrain,1986,433487,29586,25.5567547493878
665,China,1986,1071834975,1604,1.92661235017149
666,India,1986,799607235,1493,0.655586911884176
667,Iran,1986,49205577,9675,3.07839365521216
668,Kuwait,1986,1823201,42858,19.2379168825104
669,Qatar,1986,398326,75482,33.6468055527436
670,Russia,1986,144016095,19221,16.5682984974704
671,Saudi Arabia,1986,14016569,35239,14.7783282029596
672,Singapore,1986,2766755,25812,12.6585297976385
673,United Arab Emirates,1986,1430548,100191,33.0562220100766
674,United Kingdom,1986,56519444,23516,10.0440829452045
675,United States,1986,243032017,33899,18.4428982329951
676,Australia,1987,16314778,26969,15.6814378576912
677,Bahrain,1987,448994,28401,25.6174043241838
678,China,1987,1092646739,1652,2.02353477778511
679,India,1987,817232241,1525,0.684934900036658
680,Iran,1987,51152122,9335,3.1911855823639
681,Kuwait,1987,1917950,47974,16.2427468380653
682,Qatar,1987,423327,71067,27.3739975590672
683,Russia,1987,145056221,19355,17.141509854164
684,Saudi Arabia,1987,14642354,32136,13.1788471470189
685,Singapore,1987,2822828,27957,11.5467687231463
686,United Arab Emirates,1987,1518991,101308,31.440686048929
687,United Kingdom,1987,56649375,24551,10.0754151682464
688,United States,1987,245425409,34787,19.046789203094
689,Australia,1988,16585905,27757,15.7339211984955
690,Bahrain,1988,465235,31346,26.3149164257814
691,China,1988,1114162025,1597,2.13384010219123
692,India,1988,834944397,1649,0.72369969670061
693,Iran,1988,53035939,8626,3.40214492697454
694,Kuwait,1988,2002645,40807,16.2274685602658
695,Qatar,1988,445203,71568,26.9898234720877
696,Russia,1988,146040116,19660,17.4935188010769
697,Saudi Arabia,1988,15239174,32091,13.4613574319872
698,Singapore,1988,2880188,30453,12.533371290102
699,United Arab Emirates,1988,1613904,82687,30.0159026979143
700,United Kingdom,1988,56797704,25750,10.0244547002303
701,United States,1988,247865202,35929,19.6802854397423
702,Australia,1989,16849253,28556,16.479852977795
703,Bahrain,1989,481126,32515,24.5546501532443
704,China,1989,1135128009,1474,2.13447387643616
705,India,1989,852736160,1723,0.774663982456164
706,Iran,1989,54735239,8753,3.58036397601671
707,Kuwait,1989,2054443,46363,17.2215689568285
708,Qatar,1989,463062,73074,31.1462067895933
709,Russia,1989,146895053,19906,17.028401411957
710,Saudi Arabia,1989,15810980,32281,13.0587115105504
711,Singapore,1989,2943633,32597,14.2273005244784
712,United Arab Emirates,1989,1712117,92115,31.875719621444
713,United Kingdom,1989,56953861,26279,10.194315194775
714,United States,1989,250340795,36830,19.7348269840724
715,Australia,1990,17096869,28604,16.8052621740887
716,Bahrain,1990,495944,35398,24.1101311784282
717,China,1990,1154605773,1516,2.1485597024278
718,India,1990,870601776,1777,0.790255780032464
719,Iran,1990,56169196,9511,3.84752002118634
720,Kuwait,1990,2058832,37521,23.1396436981853
721,Qatar,1990,476478,73402,24.8535357586658
722,Russia,1990,147568552,19349,15.8954995333968
723,Saudi Arabia,1990,16361453,35681,13.503167337844
724,Singapore,1990,3016400,34316,15.5594465866479
725,United Arab Emirates,1990,1811458,114832,28.7532487542219
726,United Kingdom,1990,57110117,26424,9.97997464767394
727,United States,1990,252847810,37062,18.8194574331841
728,Australia,1991,17325818,28122,16.2525622860704
729,Bahrain,1991,509654,38315,22.7011522609379
730,China,1991,1172327831,1634,2.22631324737068
731,India,1991,888513869,1760,0.827196149579397
732,Iran,1991,57288039,10502,4.06650705510849
733,Kuwait,1991,2007110,18820,5.01705888647519
734,Qatar,1991,485114,70806,36.5963591385292
735,Russia,1991,148040354,18332,15.2766848637848
736,Saudi Arabia,1991,16890555,37688,16.0616351057319
737,Singapore,1991,3100091,35583,15.2997372127125
738,United Arab Emirates,1991,1913190,109658,29.8488367790477
739,United Kingdom,1991,57264600,26017,10.1847965584717
740,United States,1991,255367160,36543,18.8667949439335
741,Australia,1992,17538387,27895,16.7962684247119
742,Bahrain,1992,522748,39854,20.3760146957709
743,China,1992,1188450231,1845,2.29379463838321
744,India,1992,906461358,1821,0.860997141238036
745,Iran,1992,58130099,10792,4.01371039579432
746,Kuwait,1992,1909096,50924,10.957634924867
747,Qatar,1992,489668,77977,54.8944020668955
748,Russia,1992,148322473,15661,14.3690945864857
749,Saudi Arabia,1992,17398523,38237,16.6098912632976
750,Singapore,1992,3193042,36978,15.7529045945728
751,United Arab Emirates,1992,2019014,107416,28.8622598900912
752,United Kingdom,1992,57419469,26062,10.0478931713812
753,United States,1992,257908206,37321,19.0561643201026
754,Australia,1993,17738428,28732,17.0408019113298
755,Bahrain,1993,535692,43894,28.4386689257811
756,China,1993,1202982955,2078,2.42152143289651
757,India,1993,924475633,1871,0.877182520130182
758,Iran,1993,58811858,10500,4.10329383507428
759,Kuwait,1993,1791511,69683,18.5254888335553
760,Qatar,1993,492120,76440,62.5113616322765
761,Russia,1993,148435811,14320,13.184416819929
762,Saudi Arabia,1993,17890529,37182,17.7485653996029
763,Singapore,1993,3291280,40213,16.6155627614766
764,United Arab Emirates,1993,2127863,103224,31.0949752337429
765,United Kingdom,1993,57575969,26688,9.68295416617178
766,United States,1993,260527420,37844,19.2839234310937
767,Australia,1994,17932214,29580,16.9586589931892
768,Bahrain,1994,549151,42712,27.9708824092123
769,China,1994,1216067023,2323,2.54507356087211
770,India,1994,942604211,1959,0.913860302216405
771,Iran,1994,59501292,10344,4.51974855288449
772,Kuwait,1994,1691891,75577,23.0531167829692
773,Qatar,1994,495179,76944,61.0363153352211
774,Russia,1994,148416292,12535,11.5701013013148
775,Saudi Arabia,1994,18373412,36526,17.0543398103838
776,Singapore,1994,3389119,43231,19.3065338329563
777,United Arab Emirates,1994,2238281,104855,32.7474197410336
778,United Kingdom,1994,57736667,27691,9.5989247963995
779,United States,1994,263301323,38892,19.4371799692048
780,Australia,1995,18124770,30359,16.9664942012591
781,Bahrain,1995,563730,43244,28.6541852019459
782,China,1995,1227841281,2551,2.73477755519341
783,India,1995,960874982,2069,0.953837430859389
784,Iran,1995,60318632,10477,4.57692786167685
785,Kuwait,1995,1637031,82268,33.6730120176512
786,Qatar,1995,501019,77809,61.4754343589876
787,Russia,1995,148293265,12013,11.1794945618278
788,Saudi Arabia,1995,18853670,35870,12.7749466499061
789,Singapore,1995,3482635,44884,13.5296029055755
790,United Arab Emirates,1995,2350192,106425,30.0760032797695
791,United Kingdom,1995,57903790,28317,9.58007002980546
792,United States,1995,266275528,39476,19.3587714932697
793,Australia,1996,18318340,31145,17.9714259622066
794,Bahrain,1996,579855,43781,27.1692809707191
795,China,1996,1238234851,2775,2.82413924120097
796,India,1996,979290432,2186,1.01992741765403
797,Iran,1996,61306632,11043,4.54983494444728
798,Kuwait,1996,1637906,82811,30.8017836523106
799,Qatar,1996,511864,79461,62.1031103270351
800,Russia,1996,148078355,11597,10.9914568329069
801,Saudi Arabia,1996,19331311,36531,13.7720058451295
802,Singapore,1996,3570080,46342,15.4620703397355
803,United Arab Emirates,1996,2467726,106923,16.5949671710221
804,United Kingdom,1996,58079322,28998,9.82361424958139
805,United States,1996,269483224,40501,19.6202337092372
806,Australia,1997,18512971,32013,18.0075885653054
807,Bahrain,1997,597834,43798,29.2041745786016
808,China,1997,1247259143,3000,2.80259728611907
809,India,1997,997817250,2235,1.04326270396504
810,Iran,1997,62426086,11216,4.35721872160439
811,Kuwait,1997,1686256,82227,32.711028195335
812,Qatar,1997,528213,100111,68.6199421191015
813,Russia,1997,147772805,11779,10.5245284245149
814,Saudi Arabia,1997,19809633,37060,11.3676342139014
815,Singapore,1997,3653151,48528,18.8612885904651
816,United Arab Emirates,1997,2595220,109553,15.9450811313072
817,United Kingdom,1997,58263858,29662,9.35415802915326
818,United States,1997,272882865,41812,19.8755940754281
819,Australia,1998,18709175,33085,18.5152704668444
820,Bahrain,1998,618054,44399,30.1077977936545
821,China,1998,1255262566,3205,2.6613200243364
822,India,1998,1016402907,2332,1.05237575035872
823,Iran,1998,63616065,11311,4.89763689262804
824,Kuwait,1998,1766247,80971,29.3363603151644
825,Qatar,1998,548618,107276,59.0324594712126
826,Russia,1998,147385440,11173,10.3324114942437
827,Saudi Arabia,1998,20302193,37671,10.7838942625307
828,Singapore,1998,3735531,45863,15.231054036902
829,United Arab Emirates,1998,2733770,104107,29.572886488354
830,United Kingdom,1998,58456989,30614,9.32226139187304
831,United States,1998,276354096,43166,19.7676521395857
832,Australia,1999,18906936,34346,17.1783558989018
833,Bahrain,1999,640904,44619,28.7476167303535
834,China,1999,1262713651,3419,2.63423156894368
835,India,1999,1034976626,2496,1.10424744630776
836,Iran,1999,64780362,11327,5.95347042976723
837,Kuwait,1999,1853152,75316,29.0850952437617
838,Qatar,1999,570643,107741,55.1090599610438
839,Russia,1999,146924174,11925,10.446933735676
840,Saudi Arabia,1999,20825955,36746,11.5654301652173
841,Singapore,1999,3822619,48271,13.0217592579347
842,United Arab Emirates,1999,2884188,101940,27.0509626268853
843,United Kingdom,1999,58657794,31474,9.12713658353515
844,United States,1999,279730801,44673,19.8037524975084
845,Australia,2000,19107251,35253,17.1972777302329
846,Bahrain,2000,666855,45063,29.2095546853904
847,China,2000,1269974572,3678,2.6828661578551
848,India,2000,1053481072,2548,1.12587291451823
849,Iran,2000,65850062,11719,5.70333293496976
850,Kuwait,2000,1929470,75219,28.429718680988
851,Qatar,2000,593453,112238,58.7640048260702
852,Russia,2000,146400951,13173,10.6159491192082
853,Saudi Arabia,2000,21392273,37531,14.811885520226
854,Singapore,2000,3918183,51663,12.5025727383291
855,United Arab Emirates,2000,3050128,108048,37.1031263979356
856,United Kingdom,2000,58867004,32543,9.23347464670539
857,United States,2000,282895741,45986,20.2234168879701
858,Australia,2001,19308681,35452,16.7592017990951
859,Bahrain,2001,694893,44169,21.6743708269132
860,China,2001,1277188787,3955,2.72888288473589
861,India,2001,1071888190,2628,1.12354170443903
862,Iran,2001,66812736,11977,6.01370783636542
863,Kuwait,2001,1990022,72922,27.4271807620932
864,Qatar,2001,613720,112539,49.9295296329127
865,Russia,2001,145818121,13902,10.658543829707
866,Saudi Arabia,2001,22007937,36387,14.3696495856989
867,Singapore,2001,4023237,49809,12.4434097404409
868,United Arab Emirates,2001,3217865,105860,32.1978933821039
869,United Kingdom,2001,59080221,33282,9.31521281403253
870,United States,2001,285796198,45978,19.6147717576257
871,Australia,2002,19514385,36375,17.3928677632325
872,Bahrain,2002,725365,43654,24.4474901490492
873,China,2002,1284349938,4285,2.87254783076397
874,India,2002,1090189358,2684,1.12674413554899
875,Iran,2002,67696677,12712,5.98310690093734
876,Kuwait,2002,2042215,72630,25.4847129728762
877,Qatar,2002,634388,117133,45.6267733464921
878,Russia,2002,145195521,14629,10.7031805369615
879,Saudi Arabia,2002,22668102,34875,15.2064594170552
880,Singapore,2002,4136102,51435,11.7123326117286
881,United Arab Emirates,2002,3394060,105346,26.0228492761166
882,United Kingdom,2002,59301235,33954,8.96344107302198
883,United States,2002,288470847,46367,19.5877863567126
884,Australia,2003,19735255,37035,17.4618399485487
885,Bahrain,2003,761595,43914,25.4448640530067
886,China,2003,1291485488,4685,3.49835887751312
887,India,2003,1108369577,2850,1.15906825776903
888,Iran,2003,68522074,13454,6.15355426181104
889,Kuwait,2003,2095993,82466,28.9880285714375
890,Qatar,2003,668165,115622,55.3226217801581
891,Russia,2003,144583147,15768,11.0769013776913
892,Saudi Arabia,2003,23357887,35859,14.6519759462519
893,Singapore,2003,4254553,54515,7.61860476499309
894,United Arab Emirates,2003,3625798,109675,31.4123163495943
895,United Kingdom,2003,59548421,35250,9.0696628776645
896,United States,2003,291005482,47260,19.5033538028647
897,Australia,2004,19985475,38130,17.346237280984
898,Bahrain,2004,807989,44206,26.0633758088206
899,China,2004,1298573031,5127,4.06572346859363
900,India,2004,1126419321,3029,1.20072357504232
901,Iran,2004,69321953,13975,6.4946738984657
902,Kuwait,2004,2166344,88010,29.0153468357475
903,Qatar,2004,732096,126335,62.0693769757038
904,Russia,2004,144043914,16967,11.1069978120209
905,Saudi Arabia,2004,24055573,37556,17.0501553381376
906,Singapore,2004,4375230,58977,6.84389070479214
907,United Arab Emirates,2004,3975945,110662,30.953808986702
908,United Kingdom,2004,59846226,35910,9.0222775338304
909,United States,2004,293530886,48597,19.6904618538231
910,Australia,2005,20274282,38840,17.7739756015955
911,Bahrain,2005,867014,44031,26.4980884566512
912,China,2005,1305600630,5675,4.42759216645551
913,India,2005,1144326293,3262,1.23767217480516
914,Iran,2005,70122115,14452,6.72984597541652
915,Kuwait,2005,2263604,92665,31.598891761859
916,Qatar,2005,836924,119134,63.1874355957349
917,Russia,2005,143622566,18118,11.2312652050882
918,Saudi Arabia,2005,24745230,38892,16.5385833170141
919,Singapore,2005,4495531,61921,7.11587914890119
920,United Arab Emirates,2005,4481976,102324,28.5397000847064
921,United Kingdom,2005,60210012,36665,9.00186797186114
922,United States,2005,296139635,49762,19.6275796450254
923,Australia,2006,20606228,39416,17.8931283677432
924,Bahrain,2006,940808,43358,24.0268996766945
925,China,2006,1312600877,6360,4.87902838564946
926,India,2006,1162088305,3514,1.30006733207038
927,Iran,2006,70923164,15127,7.22340037763501
928,Kuwait,2006,2389498,94642,31.3689917515827
929,Qatar,2006,988448,127563,57.986894754631
930,Russia,2006,143338407,19660,11.6330962788701
931,Saudi Arabia,2006,25419994,39958,17.4479640047728
932,Singapore,2006,4614637,65331,6.98336679928329
933,United Arab Emirates,2006,5171255,95637,26.5646348375171
934,United Kingdom,2006,60648850,37504,8.95290098343453
935,United States,2006,298860519,50599,19.1514501035453
936,Australia,2007,20975949,40643,17.8599059810072
937,Bahrain,2007,1026568,43251,24.1927207953049
938,China,2007,1319625197,7225,5.13906937639028
939,India,2007,1179685631,3806,1.37248461797791
940,Iran,2007,71720859,15903,7.55563664813629
941,Kuwait,2007,2538591,94915,30.7330855480269
942,Qatar,2007,1178955,126364,57.0668165007627
943,Russia,2007,143180249,21374,11.6364941850224
944,Saudi Arabia,2007,26083522,41464,15.428819709107
945,Singapore,2007,4732785,68375,3.89627328352629
946,United Arab Emirates,2007,6010100,82993,25.7868731362874
947,United Kingdom,2007,61151820,38164,8.68459542261991
948,United States,2007,301655953,51011,19.2803978154381
949,Australia,2008,21370348,41312,18.0163132681972
950,Bahrain,2008,1115777,42507,23.0900291630518
951,China,2008,1326690636,7880,5.29619359909032
952,India,2008,1197070109,3901,1.52084942072957
953,Iran,2008,72530693,15955,7.89221094080634
954,Kuwait,2008,2705290,91966,31.3738832157213
955,Qatar,2008,1388962,126076,48.7020615159807
956,Russia,2008,143123163,22506,11.9827176136868
957,Saudi Arabia,2008,26742842,44189,15.982246197789
958,Singapore,2008,4849641,65991,4.11444075456769
959,United Arab Emirates,2008,6900142,73029,25.605013655037
960,United Kingdom,2008,61689620,37739,8.52646681764135
961,United States,2008,304473143,50384,18.5459916953635
962,Australia,2009,21770690,41170,18.0372685364855
963,Bahrain,2009,1196774,40825,20.6630083671204
964,China,2009,1333807063,8565,5.76182547330788
965,India,2009,1214182182,4177,1.64114958139706
966,Iran,2009,73370982,16123,7.89517159369317
967,Kuwait,2009,2881243,81025,30.9346759949605
968,Qatar,2009,1591151,122655,41.3788427376158
969,Russia,2009,143126660,20739,11.0036333206092
970,Saudi Arabia,2009,27409491,44276,16.0761552216433
971,Singapore,2009,4965105,63644,5.0073684355967
972,United Arab Emirates,2009,7705423,60955,23.4315705683655
973,United Kingdom,2009,62221164,35840,7.70553925401395
974,United States,2009,307231961,48558,17.2622243104067
975,Australia,2010,22162863,41330,16.7523007806344
976,Bahrain,2010,1261319,40553,19.1784187314506
977,China,2010,1340968737,9430,6.17753037307752
978,India,2010,1230984504,4547,1.64022278757173
979,Iran,2010,74253373,16980,7.72653714573693
980,Kuwait,2010,3059473,75365,34.2331656881273
981,Qatar,2010,1765513,127984,40.0983325875567
982,Russia,2010,143158099,21664,12.1757158816357
983,Saudi Arabia,2010,28090647,45598,16.9206090848496
984,Singapore,2010,5078961,72056,2.65786256654486
985,United Arab Emirates,2010,8329453,56644,22.3094048520817
986,United Kingdom,2010,62716684,36240,7.95446870239122
987,United States,2010,309876170,49373,17.5027178488839
988,Australia,2011,22542371,41706,16.7726604326136
989,Bahrain,2011,1306014,40083,
990,China,2011,1348174478,10274,6.74808802623752
991,India,2011,1247446011,4787,1.67554021299767
992,Iran,2011,75184322,17425,7.82412674000558
993,Kuwait,2011,3239181,79102,33.5657296734907
994,Qatar,2011,1905437,133734,41.2209277998901
995,Russia,2011,143211476,22570,12.6516726041195
996,Saudi Arabia,2011,28788438,49230,17.0060692576473
997,Singapore,2011,5190666,74949,2.71384099142858
998,United Arab Emirates,2011,8734722,56192,21.4823400458136
999,United Kingdom,2011,63164949,36549,7.32499631003011
1000,United States,2011,312390368,49781,16.9831610136306
1001,Australia,2012,22911375,42522,16.1820935346051
1002,Bahrain,2012,1333577,40732,
1003,China,2012,1355386952,11017,7.11264149944653
1004,India,2012,1263589639,4967,1.78103187155657
1005,Iran,2012,76156975,16068,7.9770373715021
1006,Kuwait,2012,3419581,81080,33.4235047915584
1007,Qatar,2012,2015624,130990,46.6431971442317
1008,Russia,2012,143287536,23299,12.6375218172374
1009,Saudi Arabia,2012,29496047,50916,17.611888312859
1010,Singapore,2012,5299524,75630,2.50266144169992
1011,United Arab Emirates,2012,8952542,57028,21.1339851260491
1012,United Kingdom,2012,63573766,36535,7.50253308966125
1013,United States,2012,314799465,50549,16.2181997960571
